<?xml version="1.0" encoding="UTF-8"?>
<project-private xmlns="http://www.netbeans.org/ns/project-private/1">
    <editor-bookmarks xmlns="http://www.netbeans.org/ns/editor-bookmarks/2" lastBookmarkId="0"/>
    <open-files xmlns="http://www.netbeans.org/ns/projectui-open-files/2">
        <group>
            <file>file:/C:/Users/user/Documents/NetBeansProjects/My%20Notification%20System/src/Client/SubscribersGui.java</file>
            <file>file:/C:/Users/user/Documents/NetBeansProjects/My%20Notification%20System/src/Client/Subscriber.java</file>
            <file>file:/C:/Users/user/Documents/NetBeansProjects/My%20Notification%20System/src/Server/MainServerGUI.java</file>
            <file>file:/C:/Users/user/Documents/NetBeansProjects/My%20Notification%20System/src/Server/Notification_Interface.java</file>
            <file>file:/C:/Users/user/Documents/NetBeansProjects/My%20Notification%20System/src/Client/MyClient.java</file>
            <file>file:/C:/Users/user/Documents/NetBeansProjects/My%20Notification%20System/src/Server/NotificationServer.java</file>
            <file>file:/C:/Users/user/Documents/NetBeansProjects/My%20Notification%20System/src/Client/Subscriber_Interface.java</file>
        </group>
    </open-files>
</project-private>
